{"timestamps": [1534794795.872932], "initial_reset_timestamp": 1534794568.84295, "episode_types": ["t"], "episode_lengths": [10000], "episode_rewards": [124055.14617003372]}