{"timestamps": [1535466102.241128], "initial_reset_timestamp": 1535466096.692578, "episode_types": ["t"], "episode_lengths": [319], "episode_rewards": [6.468198993853949]}