{"timestamps": [1535466021.554788], "initial_reset_timestamp": 1535466017.648419, "episode_types": ["t"], "episode_lengths": [230], "episode_rewards": [-12.52472643338569]}