{"timestamps": [1534266492.651409], "initial_reset_timestamp": 1534266442.100785, "episode_types": ["t"], "episode_lengths": [3000], "episode_rewards": [7765.945307955625]}