{"timestamps": [1535461246.790177], "initial_reset_timestamp": 1535461078.45016, "episode_types": ["t"], "episode_lengths": [10000], "episode_rewards": [103205.62967301448]}