{"timestamps": [1534441928.568583], "initial_reset_timestamp": 1534441754.83937, "episode_types": ["t"], "episode_lengths": [10000], "episode_rewards": [91519.7607825525]}