{"timestamps": [1534433772.376163], "initial_reset_timestamp": 1534433603.084636, "episode_types": ["t"], "episode_lengths": [10000], "episode_rewards": [92735.14828117056]}