{"timestamps": [1534598278.852514], "initial_reset_timestamp": 1534598192.476379, "episode_types": ["t"], "episode_lengths": [5170], "episode_rewards": [34057.107327180885]}