{"timestamps": [1534795246.771796], "initial_reset_timestamp": 1534795018.113539, "episode_types": ["t"], "episode_lengths": [10000], "episode_rewards": [119345.9124002085]}