{"timestamps": [1534795705.936802], "initial_reset_timestamp": 1534795476.181412, "episode_types": ["t"], "episode_lengths": [10000], "episode_rewards": [100195.9866099343]}