{"timestamps": [1534598613.756771], "initial_reset_timestamp": 1534598446.503249, "episode_types": ["t"], "episode_lengths": [10000], "episode_rewards": [99540.85411040534]}