{"timestamps": [1534283308.902541], "initial_reset_timestamp": 1534283257.586921, "episode_types": ["t"], "episode_lengths": [3000], "episode_rewards": [7565.073131116452]}