{"timestamps": [1534257104.105309, 1534257156.949527, 1534257208.827909, 1534257260.225623], "initial_reset_timestamp": 1534257053.656144, "episode_types": ["t", "t", "t", "t"], "episode_lengths": [3000, 3000, 3000, 3000], "episode_rewards": [7579.9023898150845, 7919.461091325458, 8353.018362148492, 9225.118522675817]}