{"timestamps": [1534189564.212325, 1534189566.956058, 1534189567.466995, 1534189567.875711, 1534189568.389891, 1534189568.719282, 1534189569.14635, 1534189569.659434, 1534189571.987482, 1534189572.956109, 1534189573.576323, 1534189573.869962, 1534189574.395208, 1534189574.781989, 1534189575.354493, 1534189575.846056, 1534189576.436442, 1534189576.967631, 1534189577.572661, 1534189578.084848, 1534189578.60162, 1534189579.003718, 1534189579.363093, 1534189579.872863, 1534189580.414071], "initial_reset_timestamp": 1534189561.859496, "episode_types": ["t", "t", "t", "t", "t", "t", "t", "t", "t", "t", "t", "t", "t", "t", "t", "t", "t", "t", "t", "t", "t", "t", "t", "t", "t"], "episode_lengths": [116, 197, 179, 206, 258, 265, 273, 285, 161, 419, 316, 149, 273, 194, 285, 241, 295, 261, 309, 262, 264, 209, 186, 252, 276], "episode_rewards": [-20.34557842790241, -29.65921546742149, -34.038659592721, -22.890508589563357, -23.022829940185137, -13.450679900554073, -19.999513321174117, -19.166741220625664, -25.23794936270514, -28.067867745949282, -22.727041663302945, -29.878897196591982, -15.436571678483515, -26.708695810676655, -18.998272427049674, -22.08966885422758, -23.590594136917147, -24.082986507577957, -21.082595752205748, -24.512162091946244, -25.25685240464698, -24.575894154235687, -28.342608303263876, -18.714075287370036, -22.7704250286414]}