{"timestamps": [1534262157.149687, 1534262208.747076, 1534262260.411626, 1534262311.743261], "initial_reset_timestamp": 1534262106.191209, "episode_types": ["t", "t", "t", "t"], "episode_lengths": [3000, 3000, 3000, 3000], "episode_rewards": [6712.217406212089, 7851.5277350634, 8908.760562532443, 9981.79365470466]}