{"timestamps": [1535459601.720465], "initial_reset_timestamp": 1535459434.196802, "episode_types": ["t"], "episode_lengths": [10000], "episode_rewards": [103376.60427974889]}