{"timestamps": [1534284979.978918], "initial_reset_timestamp": 1534284929.541979, "episode_types": ["t"], "episode_lengths": [3000], "episode_rewards": [9443.218308575997]}