{"timestamps": [1534786099.101476], "initial_reset_timestamp": 1534785875.920634, "episode_types": ["t"], "episode_lengths": [10000], "episode_rewards": [109193.49412745608]}