{"timestamps": [1534356885.735469], "initial_reset_timestamp": 1534356714.536413, "episode_types": ["t"], "episode_lengths": [10000], "episode_rewards": [99081.03927069409]}