{"timestamps": [1535460445.390132], "initial_reset_timestamp": 1535460277.405822, "episode_types": ["t"], "episode_lengths": [10000], "episode_rewards": [94082.55879162988]}