{"timestamps": [1534327595.194501], "initial_reset_timestamp": 1534327425.884512, "episode_types": ["t"], "episode_lengths": [10000], "episode_rewards": [90300.88075189301]}