{"timestamps": [1535466031.220587], "initial_reset_timestamp": 1535466026.865241, "episode_types": ["t"], "episode_lengths": [256], "episode_rewards": [-5.320911294695549]}