{"timestamps": [1535466048.244068], "initial_reset_timestamp": 1535466042.087084, "episode_types": ["t"], "episode_lengths": [361], "episode_rewards": [32.653685195549315]}