{"timestamps": [1535466074.488051], "initial_reset_timestamp": 1535466069.747748, "episode_types": ["t"], "episode_lengths": [273], "episode_rewards": [1.2194961006436849]}