{"timestamps": [1534785215.743103], "initial_reset_timestamp": 1534784996.159935, "episode_types": ["t"], "episode_lengths": [10000], "episode_rewards": [75693.674468436]}