{"timestamps": [1534597689.203181], "initial_reset_timestamp": 1534597522.203922, "episode_types": ["t"], "episode_lengths": [10000], "episode_rewards": [78460.07065019647]}