{"timestamps": [1535466041.587008], "initial_reset_timestamp": 1535466036.841469, "episode_types": ["t"], "episode_lengths": [278], "episode_rewards": [0.8967081739395163]}