{"timestamps": [1535466036.396682], "initial_reset_timestamp": 1535466031.617737, "episode_types": ["t"], "episode_lengths": [279], "episode_rewards": [1.4644372411349]}