{"timestamps": [1534795475.614562], "initial_reset_timestamp": 1534795247.701071, "episode_types": ["t"], "episode_lengths": [10000], "episode_rewards": [94424.52583972324]}