{"timestamps": [1534284829.066656], "initial_reset_timestamp": 1534284778.613508, "episode_types": ["t"], "episode_lengths": [3000], "episode_rewards": [8370.407083064683]}