{"timestamps": [1535466096.175795], "initial_reset_timestamp": 1535466090.791824, "episode_types": ["t"], "episode_lengths": [316], "episode_rewards": [20.46369604106283]}