{"timestamps": [1535466117.218067], "initial_reset_timestamp": 1535466109.612709, "episode_types": ["t"], "episode_lengths": [436], "episode_rewards": [66.57268663096288]}