{"timestamps": [1534284914.285004], "initial_reset_timestamp": 1534284863.671223, "episode_types": ["t"], "episode_lengths": [3000], "episode_rewards": [8892.510753448702]}