{"timestamps": [1534356110.651703], "initial_reset_timestamp": 1534355939.159088, "episode_types": ["t"], "episode_lengths": [10000], "episode_rewards": [97463.70378351462]}