{"timestamps": [1534327763.953724], "initial_reset_timestamp": 1534327595.571342, "episode_types": ["t"], "episode_lengths": [10000], "episode_rewards": [97393.7294429708]}