{"timestamps": [1534283404.954332], "initial_reset_timestamp": 1534283353.515286, "episode_types": ["t"], "episode_lengths": [3000], "episode_rewards": [7797.73689069808]}