{"timestamps": [1535458768.088621], "initial_reset_timestamp": 1535458758.22457, "episode_types": ["t"], "episode_lengths": [587], "episode_rewards": [137.9194264923097]}