{"timestamps": [1533840545.394867, 1533840600.626831, 1533840651.544289, 1533840704.637945], "initial_reset_timestamp": 1533840488.796837, "episode_types": ["t", "t", "t", "t"], "episode_lengths": [3000, 3000, 3000, 3000], "episode_rewards": [6470.689399944267, 7807.6570797625645, 9052.32983889709, 10629.055048942872]}