{"timestamps": [1535459939.449334], "initial_reset_timestamp": 1535459771.156408, "episode_types": ["t"], "episode_lengths": [10000], "episode_rewards": [103312.25769998538]}