{"timestamps": [1534598024.803056], "initial_reset_timestamp": 1534597857.281534, "episode_types": ["t"], "episode_lengths": [10000], "episode_rewards": [124848.24593014274]}