{"timestamps": [1534794340.84209], "initial_reset_timestamp": 1534794121.959068, "episode_types": ["t"], "episode_lengths": [10000], "episode_rewards": [80233.91059902842]}