{"timestamps": [1535459059.618368], "initial_reset_timestamp": 1535458890.222059, "episode_types": ["t"], "episode_lengths": [10000], "episode_rewards": [105492.7677514876]}