{"timestamps": [1534441403.606998], "initial_reset_timestamp": 1534441229.932901, "episode_types": ["t"], "episode_lengths": [10000], "episode_rewards": [77609.04171406866]}