{"timestamps": [1534351909.459967], "initial_reset_timestamp": 1534351761.724152, "episode_types": ["t"], "episode_lengths": [8524], "episode_rewards": [55095.337271375836]}