{"timestamps": [1534433258.466205], "initial_reset_timestamp": 1534433083.452443, "episode_types": ["t"], "episode_lengths": [10000], "episode_rewards": [78584.9253502838]}