{"timestamps": [1535459229.804559], "initial_reset_timestamp": 1535459060.144569, "episode_types": ["t"], "episode_lengths": [10000], "episode_rewards": [111043.36243178016]}