{"timestamps": [1534786434.32925], "initial_reset_timestamp": 1534786322.640427, "episode_types": ["t"], "episode_lengths": [5124], "episode_rewards": [24175.049928844983]}