{"timestamps": [1535461584.466438], "initial_reset_timestamp": 1535461416.128635, "episode_types": ["t"], "episode_lengths": [10000], "episode_rewards": [100681.40621943827]}