{"timestamps": [1535460276.808871], "initial_reset_timestamp": 1535460108.630456, "episode_types": ["t"], "episode_lengths": [10000], "episode_rewards": [95340.27687236575]}