{"timestamps": [1535459433.732169], "initial_reset_timestamp": 1535459399.929016, "episode_types": ["t"], "episode_lengths": [2002], "episode_rewards": [3163.4384788470147]}