{"timestamps": [1534328437.422852], "initial_reset_timestamp": 1534328270.000365, "episode_types": ["t"], "episode_lengths": [10000], "episode_rewards": [126611.85829580325]}