{"timestamps": [1534327425.150706], "initial_reset_timestamp": 1534327257.344909, "episode_types": ["t"], "episode_lengths": [10000], "episode_rewards": [83768.91921327414]}