{"timestamps": [1534355938.34357], "initial_reset_timestamp": 1534355766.41691, "episode_types": ["t"], "episode_lengths": [10000], "episode_rewards": [83621.31812365622]}