{"timestamps": [1534793604.139298], "initial_reset_timestamp": 1534793379.042305, "episode_types": ["t"], "episode_lengths": [10000], "episode_rewards": [132348.85296971467]}