{"timestamps": [1534189682.22473, 1534189686.484313, 1534189686.869918, 1534189687.236593, 1534189687.518508, 1534189687.805702, 1534189688.18136, 1534189688.797352, 1534189690.727428, 1534189691.106363, 1534189691.514576, 1534189691.760666, 1534189692.235098, 1534189692.687633, 1534189693.241746, 1534189693.519404, 1534189694.067062, 1534189694.324596, 1534189694.779215, 1534189695.288098, 1534189695.628982, 1534189696.155185, 1534189696.709767, 1534189697.37308, 1534189697.776447], "initial_reset_timestamp": 1534189675.907056, "episode_types": ["t", "t", "t", "t", "t", "t", "t", "t", "t", "t", "t", "t", "t", "t", "t", "t", "t", "t", "t", "t", "t", "t", "t", "t", "t"], "episode_lengths": [454, 291, 140, 216, 149, 156, 260, 336, 146, 147, 246, 138, 270, 239, 299, 146, 290, 131, 232, 269, 182, 282, 293, 347, 208], "episode_rewards": [-20.071296597037726, -18.806566075790062, -23.01294731291611, -21.775881624238604, -26.02321515681208, -20.606214024488324, -23.94369690008943, -24.83086457865827, -28.37680780042398, -25.405768578167667, -21.89946511277332, -24.692059217957183, -20.57023198436181, -25.00485547308376, -14.008282034749115, -25.80271025595522, -18.656258151006387, -23.11672197705728, -20.841312243043777, -25.489405344942252, -28.414040921603025, -15.54001036192723, -24.688530184905456, -15.434905174575542, -29.273868773859853]}