{"timestamps": [1534793738.337797], "initial_reset_timestamp": 1534793615.67341, "episode_types": ["t"], "episode_lengths": [5279], "episode_rewards": [38676.03143157392]}