{"timestamps": [1534441578.862298], "initial_reset_timestamp": 1534441404.350498, "episode_types": ["t"], "episode_lengths": [10000], "episode_rewards": [97168.88581927092]}