{"timestamps": [1534433432.31691], "initial_reset_timestamp": 1534433259.140284, "episode_types": ["t"], "episode_lengths": [10000], "episode_rewards": [96712.97821027126]}