{"timestamps": [1535459399.200031], "initial_reset_timestamp": 1535459230.438892, "episode_types": ["t"], "episode_lengths": [10000], "episode_rewards": [91217.21998759087]}