{"timestamps": [1535458889.596878], "initial_reset_timestamp": 1535458768.552333, "episode_types": ["t"], "episode_lengths": [6804], "episode_rewards": [57095.75298870853]}