{"timestamps": [1533842725.238286], "initial_reset_timestamp": 1533842674.507028, "episode_types": ["t"], "episode_lengths": [3000], "episode_rewards": [7524.491868515186]}