{"timestamps": [1534263896.132003, 1534263947.326852, 1534263998.34169, 1534264050.404474], "initial_reset_timestamp": 1534263845.875135, "episode_types": ["t", "t", "t", "t"], "episode_lengths": [3000, 3000, 3000, 3000], "episode_rewards": [6771.244252343105, 7869.704523571917, 8851.095087478207, 10649.115655330213]}