{"timestamps": [1535461077.868512], "initial_reset_timestamp": 1535460909.691454, "episode_types": ["t"], "episode_lengths": [10000], "episode_rewards": [100214.86569862643]}