{"timestamps": [1534795016.874363], "initial_reset_timestamp": 1534794796.967609, "episode_types": ["t"], "episode_lengths": [10000], "episode_rewards": [93514.4586753921]}