{"timestamps": [1534598192.18824], "initial_reset_timestamp": 1534598025.107374, "episode_types": ["t"], "episode_lengths": [10000], "episode_rewards": [91629.61747720664]}