{"timestamps": [1534793961.115368], "initial_reset_timestamp": 1534793739.016484, "episode_types": ["t"], "episode_lengths": [10000], "episode_rewards": [96651.37521018495]}