{"timestamps": [1534598446.180169], "initial_reset_timestamp": 1534598279.13282, "episode_types": ["t"], "episode_lengths": [10000], "episode_rewards": [93338.27683198321]}