{"timestamps": [1534328101.327218], "initial_reset_timestamp": 1534327932.803252, "episode_types": ["t"], "episode_lengths": [10000], "episode_rewards": [111510.55717609235]}