{"timestamps": [1534265176.429854], "initial_reset_timestamp": 1534265125.980285, "episode_types": ["t"], "episode_lengths": [3000], "episode_rewards": [7771.224103385125]}