{"timestamps": [1534785875.151076], "initial_reset_timestamp": 1534785650.971578, "episode_types": ["t"], "episode_lengths": [10000], "episode_rewards": [87722.40112669475]}