{"timestamps": [1533841903.78717], "initial_reset_timestamp": 1533841853.02164, "episode_types": ["t"], "episode_lengths": [3000], "episode_rewards": [7318.848370183207]}