{"timestamps": [1535466062.121646], "initial_reset_timestamp": 1535466055.88958, "episode_types": ["t"], "episode_lengths": [364], "episode_rewards": [24.365016008221676]}