{"timestamps": [1534793377.955519], "initial_reset_timestamp": 1534793161.667125, "episode_types": ["t"], "episode_lengths": [10000], "episode_rewards": [100717.71674166831]}