{"timestamps": [1535460614.360507], "initial_reset_timestamp": 1535460445.97003, "episode_types": ["t"], "episode_lengths": [10000], "episode_rewards": [98605.25460108664]}