{"timestamps": [1534284730.685463], "initial_reset_timestamp": 1534284680.133313, "episode_types": ["t"], "episode_lengths": [3000], "episode_rewards": [7886.393147494602]}