{"timestamps": [1535461415.497553], "initial_reset_timestamp": 1535461247.427542, "episode_types": ["t"], "episode_lengths": [10000], "episode_rewards": [93602.04718189413]}