{"timestamps": [1535461753.639944], "initial_reset_timestamp": 1535461585.083493, "episode_types": ["t"], "episode_lengths": [10000], "episode_rewards": [97047.01043616423]}