{"timestamps": [1535466090.360841], "initial_reset_timestamp": 1535466082.772604, "episode_types": ["t"], "episode_lengths": [426], "episode_rewards": [36.86541014135579]}