{"timestamps": [1534189162.092938, 1534189164.121563, 1534189164.541542, 1534189165.153591, 1534189165.473234, 1534189165.763093, 1534189166.006713, 1534189166.177316, 1534189169.359805, 1534189169.907498, 1534189170.40357, 1534189170.969782, 1534189171.317207, 1534189171.823007, 1534189172.19547, 1534189172.576318, 1534189172.923497, 1534189173.31453, 1534189173.657819, 1534189174.101206, 1534189174.500192, 1534189175.024455, 1534189175.447884, 1534189175.945474, 1534189176.403195, 1534189177.962645, 1534189178.478433, 1534189182.266373, 1534189182.888922, 1534189183.607669, 1534189183.881253, 1534189184.288988, 1534189184.706288, 1534189185.222349, 1534189185.726306, 1534189186.054159, 1534189186.469327, 1534189187.001037, 1534189187.52117, 1534189188.158056, 1534189188.53441, 1534189189.068116, 1534189189.373159, 1534189189.929616, 1534189190.386841], "initial_reset_timestamp": 1534189157.130209, "episode_types": ["t", "t", "t", "t", "t", "t", "t", "t", "t", "t", "t", "t", "t", "t", "t", "t", "t", "t", "t", "t", "t", "t", "t", "t", "t", "t", "t", "t", "t", "t", "t", "t", "t", "t", "t", "t", "t", "t", "t", "t", "t", "t", "t", "t", "t"], "episode_lengths": [321, 170, 145, 332, 183, 290, 228, 122, 253, 256, 269, 328, 203, 278, 213, 224, 186, 225, 187, 248, 221, 297, 240, 302, 251, 261, 284, 275, 306, 398, 153, 230, 222, 280, 283, 209, 232, 286, 288, 369, 200, 291, 162, 307, 256], "episode_rewards": [-20.992586900661035, -25.58107748681588, -26.723566089716396, -10.768902976935816, -27.341997557632567, -8.958708666622488, -25.7060925580284, -22.891609079557114, -23.2027906840812, -18.697106441627493, -24.293496176125252, -15.265818471959617, -28.734268571192885, -19.76760314060657, -22.465353343132158, -21.58889039903207, -27.449818317287612, -20.554596734968104, -30.819150643279347, -30.88929160474359, -24.381765596377747, -22.230530591913215, -35.10661775947541, -24.15569678188986, -28.639393570484636, -21.981936713002124, -24.52410727416736, -22.15774067760473, -34.65371324817718, -8.798719172282517, -23.27287286248983, -22.229249822418417, -24.041920727302504, -27.19729920778775, -30.613544901620955, -27.07904206333275, -26.931959189544763, -23.625130345809914, -23.19662632463229, -10.965451845242919, -30.07706338748667, -22.862312387461614, -27.099717966567887, -20.33478650984773, -18.226106110728203]}