{"timestamps": [1534327932.390897], "initial_reset_timestamp": 1534327764.424924, "episode_types": ["t"], "episode_lengths": [10000], "episode_rewards": [104180.35109446876]}