{"timestamps": [1534285083.210731], "initial_reset_timestamp": 1534285032.690122, "episode_types": ["t"], "episode_lengths": [3000], "episode_rewards": [10185.45513770006]}