{"timestamps": [1534284670.474484], "initial_reset_timestamp": 1534284620.155341, "episode_types": ["t"], "episode_lengths": [3000], "episode_rewards": [7323.580907929871]}