{"timestamps": [1534442452.719263], "initial_reset_timestamp": 1534442278.710973, "episode_types": ["t"], "episode_lengths": [10000], "episode_rewards": [99453.43873721467]}