{"timestamps": [1534434200.10464], "initial_reset_timestamp": 1534434030.85803, "episode_types": ["t"], "episode_lengths": [10000], "episode_rewards": [99494.55130309788]}