{"timestamps": [1534356542.506221], "initial_reset_timestamp": 1534356454.110095, "episode_types": ["t"], "episode_lengths": [5186], "episode_rewards": [32471.17048662212]}