{"timestamps": [1534786321.837049], "initial_reset_timestamp": 1534786099.56618, "episode_types": ["t"], "episode_lengths": [10000], "episode_rewards": [93126.3044227852]}