{"timestamps": [1535466126.186725], "initial_reset_timestamp": 1535466117.715749, "episode_types": ["t"], "episode_lengths": [500], "episode_rewards": [93.20912243390343]}