{"timestamps": [1534442278.224023], "initial_reset_timestamp": 1534442104.057844, "episode_types": ["t"], "episode_lengths": [10000], "episode_rewards": [93926.35333880909]}