{"timestamps": [1534434030.421567], "initial_reset_timestamp": 1534433860.439633, "episode_types": ["t"], "episode_lengths": [10000], "episode_rewards": [93317.32026643191]}