{"timestamps": [1534283482.358056], "initial_reset_timestamp": 1534283430.949723, "episode_types": ["t"], "episode_lengths": [3000], "episode_rewards": [8733.147063252549]}