{"timestamps": [1535466069.235451], "initial_reset_timestamp": 1535466062.583843, "episode_types": ["t"], "episode_lengths": [389], "episode_rewards": [33.26552746632539]}