{"timestamps": [1534356453.654714], "initial_reset_timestamp": 1534356283.569535, "episode_types": ["t"], "episode_lengths": [10000], "episode_rewards": [94152.85665970348]}