{"timestamps": [1535466026.389185], "initial_reset_timestamp": 1535466022.082429, "episode_types": ["t"], "episode_lengths": [252], "episode_rewards": [-1.520744605036759]}