{"timestamps": [1535466055.424555], "initial_reset_timestamp": 1535466048.723689, "episode_types": ["t"], "episode_lengths": [390], "episode_rewards": [34.603950322949586]}