{"timestamps": [1535466007.948427], "initial_reset_timestamp": 1535466007.119359, "episode_types": ["t"], "episode_lengths": [43], "episode_rewards": [-9.161890904418652]}