{"timestamps": [1534801376.056752], "initial_reset_timestamp": 1534801373.487007, "episode_types": ["t"], "episode_lengths": [145], "episode_rewards": [-11.737595750494217]}