{"timestamps": [1534794080.053003], "initial_reset_timestamp": 1534793962.217347, "episode_types": ["t"], "episode_lengths": [5137], "episode_rewards": [25481.340544748437]}