{"timestamps": [1534794567.792404], "initial_reset_timestamp": 1534794341.742574, "episode_types": ["t"], "episode_lengths": [10000], "episode_rewards": [96966.12200658402]}