{"timestamps": [1535466012.671463], "initial_reset_timestamp": 1535466008.762156, "episode_types": ["t"], "episode_lengths": [226], "episode_rewards": [-13.740977167687708]}