{"timestamps": [1535466082.314223], "initial_reset_timestamp": 1535466074.930843, "episode_types": ["t"], "episode_lengths": [433], "episode_rewards": [68.70371665424491]}