{"timestamps": [1534793615.067086], "initial_reset_timestamp": 1534793604.881846, "episode_types": ["t"], "episode_lengths": [474], "episode_rewards": [77.16029184789069]}