{"timestamps": [1535460740.090409], "initial_reset_timestamp": 1535460614.887854, "episode_types": ["t"], "episode_lengths": [7416], "episode_rewards": [59617.33564428222]}