{"timestamps": [1534356714.001819], "initial_reset_timestamp": 1534356542.954955, "episode_types": ["t"], "episode_lengths": [10000], "episode_rewards": [94792.86379420475]}