{"timestamps": [1534442103.600544], "initial_reset_timestamp": 1534441929.02762, "episode_types": ["t"], "episode_lengths": [10000], "episode_rewards": [119239.64896632319]}