{"timestamps": [1534433860.076099], "initial_reset_timestamp": 1534433772.884765, "episode_types": ["t"], "episode_lengths": [5137], "episode_rewards": [33681.96639085656]}