{"timestamps": [1534785650.428669], "initial_reset_timestamp": 1534785430.405503, "episode_types": ["t"], "episode_lengths": [10000], "episode_rewards": [120062.85703868043]}