{"timestamps": [1534597856.954774], "initial_reset_timestamp": 1534597689.606978, "episode_types": ["t"], "episode_lengths": [10000], "episode_rewards": [97003.12841755452]}