{"timestamps": [1535466017.253235], "initial_reset_timestamp": 1535466013.09953, "episode_types": ["t"], "episode_lengths": [242], "episode_rewards": [-12.137390466059168]}