{"timestamps": [1534785429.782141], "initial_reset_timestamp": 1534785216.497717, "episode_types": ["t"], "episode_lengths": [10000], "episode_rewards": [100068.95598770624]}