{"timestamps": [1534433602.538242], "initial_reset_timestamp": 1534433432.811734, "episode_types": ["t"], "episode_lengths": [10000], "episode_rewards": [123637.2869818866]}