{"timestamps": [1534441754.205639], "initial_reset_timestamp": 1534441579.505643, "episode_types": ["t"], "episode_lengths": [10000], "episode_rewards": [125694.63304747379]}