{"timestamps": [1534793160.748697], "initial_reset_timestamp": 1534792949.054428, "episode_types": ["t"], "episode_lengths": [10000], "episode_rewards": [79899.77296327298]}