{"timestamps": [1535460108.070076], "initial_reset_timestamp": 1535459939.986249, "episode_types": ["t"], "episode_lengths": [10000], "episode_rewards": [97446.6281833757]}