{"timestamps": [1535459770.630418], "initial_reset_timestamp": 1535459602.280614, "episode_types": ["t"], "episode_lengths": [10000], "episode_rewards": [94045.99615488251]}