{"timestamps": [1533840888.605072, 1533840940.270818, 1533840993.075487, 1533841045.449939], "initial_reset_timestamp": 1533840837.819421, "episode_types": ["t", "t", "t", "t"], "episode_lengths": [3000, 3000, 3000, 3000], "episode_rewards": [6764.633304220768, 7881.551300479014, 8863.764485584417, 10094.373165023064]}