{"timestamps": [1534328269.537793], "initial_reset_timestamp": 1534328101.723555, "episode_types": ["t"], "episode_lengths": [10000], "episode_rewards": [118108.84746039196]}