{"timestamps": [1534356283.151122], "initial_reset_timestamp": 1534356111.165588, "episode_types": ["t"], "episode_lengths": [10000], "episode_rewards": [118210.90697240806]}