{"timestamps": [1535049103.916384], "initial_reset_timestamp": 1535049083.508184, "episode_types": ["t"], "episode_lengths": [1206], "episode_rewards": [1089.793808481188]}