{"timestamps": [1534284459.31745], "initial_reset_timestamp": 1534284409.090465, "episode_types": ["t"], "episode_lengths": [3000], "episode_rewards": [6777.062928652262]}