{"timestamps": [1535466109.137628], "initial_reset_timestamp": 1535466102.70887, "episode_types": ["t"], "episode_lengths": [375], "episode_rewards": [41.422739170101025]}