{"timestamps": [1534801379.688932], "initial_reset_timestamp": 1534801376.923051, "episode_types": ["t"], "episode_lengths": [156], "episode_rewards": [-11.196241743345016]}