{"timestamps": [1535460909.133533], "initial_reset_timestamp": 1535460740.636433, "episode_types": ["t"], "episode_lengths": [10000], "episode_rewards": [101018.55262004294]}